ID,Title,Source,Format,Type,isPartOf,isFormatOf ,isRequiredBy 
2,Grades_[EECS4462],EECS4462,dir,mER,,,
6,Assignment_3_[EECS4462],EECS4462,dir,mER,,,
9,Important_Dates_[EECS4462],EECS4462,dir,mER,,,
12,Instructor_[EECS4462],EECS4462,dir,mER,,,
16,Assignment_1_[EECS4462],EECS4462,dir,mER,,,
23,eval_[EECS4462],EECS4462,dir,mER,,,
27,Assignment_2_[EECS4462],EECS4462,dir,mER,,,
76,Course_Outline_[EECS4462],EECS4462,dir,mER,,,
80,Resources_[EECS4462],EECS4462,dir,mER,,,
81,Lecture_Videos,EECS4462,dir,mER,,,
82,Lecture_Audio,EECS4462,dir,mER,,,
83,Lecture_Transcripts,EECS4462,dir,mER,,,
85,A2StarterCode-s1-full.wav,EECS4462,.wav,mER,Lecture_Audio,A2StarterCode-s1-full.mp4,
88,Untitled-s1-full_(8).wav,EECS4462,.wav,mER,Lecture_Audio,Untitled-s1-full_(8).mp4,
91,A3process-s1-full.wav,EECS4462,.wav,mER,Lecture_Audio,A3process-s1-full.mp4,
94,Untitled-s1-full_(4).wav,EECS4462,.wav,mER,Lecture_Audio,Untitled-s1-full_(4).mp4,
97,Untitled-s1-full_(5).wav,EECS4462,.wav,mER,Lecture_Audio,Untitled-s1-full_(5).mp4,
100,Debugging-s1-full.wav,EECS4462,.wav,mER,Lecture_Audio,Debugging-s1-full.mp4,
103,Untitled-s1-full_(9).wav,EECS4462,.wav,mER,Lecture_Audio,Untitled-s1-full_(9).mp4,
106,Untitled-s1-full_(12).wav,EECS4462,.wav,mER,Lecture_Audio,Untitled-s1-full_(12).mp4,
109,ToolsWindows-s1-full.wav,EECS4462,.wav,mER,Lecture_Audio,ToolsWindows-s1-full.mp4,
112,Untitled-s1-full_(2).wav,EECS4462,.wav,mER,Lecture_Audio,Untitled-s1-full_(2).mp4,
115,ToolsMac-s1-full.wav,EECS4462,.wav,mER,Lecture_Audio,ToolsMac-s1-full.mp4,
118,A3demo.mov-s1-full.wav,EECS4462,.wav,mER,Lecture_Audio,A3demo.mov-s1-full.mp4,
121,Untitled-s1-full_(3).wav,EECS4462,.wav,mER,Lecture_Audio,Untitled-s1-full_(3).mp4,
124,Untitled-s1-full.wav,EECS4462,.wav,mER,Lecture_Audio,Untitled-s1-full.mp4,
127,APVTS-s1-full.wav,EECS4462,.wav,mER,Lecture_Audio,APVTS-s1-full.mp4,
130,VSTAudioPlayer.mov-s1-full.wav,EECS4462,.wav,mER,Lecture_Audio,VSTAudioPlayer.mov-s1-full.mp4,
133,Untitled-s1-full_(1).wav,EECS4462,.wav,mER,Lecture_Audio,Untitled-s1-full_(1).mp4,
136,Untitled-s1-full_(11).wav,EECS4462,.wav,mER,Lecture_Audio,Untitled-s1-full_(11).mp4,
139,Untitled-s1-full_(6).wav,EECS4462,.wav,mER,Lecture_Audio,Untitled-s1-full_(6).mp4,
142,Untitled-s1-full_(7).wav,EECS4462,.wav,mER,Lecture_Audio,Untitled-s1-full_(7).mp4,
145,ProcessBlock.mov-s1-full.wav,EECS4462,.wav,mER,Lecture_Audio,ProcessBlock.mov-s1-full.mp4,
148,Untitled-s1-full_(10).wav,EECS4462,.wav,mER,Lecture_Audio,Untitled-s1-full_(10).mp4,
29,Course_Outline_[EECS4462]_week_12_study_material.txt,EECS4462,.txt,iER,Course_Outline_[EECS4462]_content.txt,,
30,Course_Outline_[EECS4462]_week_4_study_material.txt,EECS4462,.txt,iER,Course_Outline_[EECS4462]_content.txt,,
31,Course_Outline_[EECS4462]_week_9_study_material.txt,EECS4462,.txt,iER,Course_Outline_[EECS4462]_content.txt,,
38,Course_Outline_[EECS4462]_week_11_study_material.txt,EECS4462,.txt,iER,Course_Outline_[EECS4462]_content.txt,,
39,Course_Outline_[EECS4462]_week_7_study_material.txt,EECS4462,.txt,iER,Course_Outline_[EECS4462]_content.txt,,
43,Course_Outline_[EECS4462]_week_1_study_material.txt,EECS4462,.txt,iER,Course_Outline_[EECS4462]_content.txt,,
48,Course_Outline_[EECS4462]_week_2_study_material.txt,EECS4462,.txt,iER,Course_Outline_[EECS4462]_content.txt,,
54,Course_Outline_[EECS4462]_week_3_study_material.txt,EECS4462,.txt,iER,Course_Outline_[EECS4462]_content.txt,,
62,Course_Outline_[EECS4462]_week_10_study_material.txt,EECS4462,.txt,iER,Course_Outline_[EECS4462]_content.txt,,
66,Course_Outline_[EECS4462]_week_6_study_material.txt,EECS4462,.txt,iER,Course_Outline_[EECS4462]_content.txt,,
71,Course_Outline_[EECS4462]_week_5_study_material.txt,EECS4462,.txt,iER,Course_Outline_[EECS4462]_content.txt,,
72,Course_Outline_[EECS4462]_week_8_study_material.txt,EECS4462,.txt,iER,Course_Outline_[EECS4462]_content.txt,,
0,Grades_[EECS4462]_links.txt,EECS4462,.txt,mER,Grades_[EECS4462],,
1,Grades_[EECS4462]_content.txt,EECS4462,.txt,mER,Grades_[EECS4462],,
3,Assignment_3_[EECS4462]_content.txt,EECS4462,.txt,mER,Assignment_3_[EECS4462],,
4,Assignment_3_[EECS4462]_links.txt,EECS4462,.txt,mER,Assignment_3_[EECS4462],,
7,Important_Dates_[EECS4462]_links.txt,EECS4462,.txt,mER,Important_Dates_[EECS4462],,
8,Important_Dates_[EECS4462]_content.txt,EECS4462,.txt,mER,Important_Dates_[EECS4462],,
10,Instructor_[EECS4462]_content.txt,EECS4462,.txt,mER,Instructor_[EECS4462],,
11,Instructor_[EECS4462]_links.txt,EECS4462,.txt,mER,Instructor_[EECS4462],,
13,Assignment_1_[EECS4462]_content.txt,EECS4462,.txt,mER,Assignment_1_[EECS4462],,
15,Assignment_1_[EECS4462]_links.txt,EECS4462,.txt,mER,Assignment_1_[EECS4462],,
18,eval_[EECS4462]_content.txt,EECS4462,.txt,mER,eval_[EECS4462],,
20,eval_[EECS4462]_links.txt,EECS4462,.txt,mER,eval_[EECS4462],,
24,Assignment_2_[EECS4462]_links.txt,EECS4462,.txt,mER,Assignment_2_[EECS4462],,
25,Assignment_2_[EECS4462]_content.txt,EECS4462,.txt,mER,Assignment_2_[EECS4462],,
32,Course_Outline_[EECS4462]_content.txt,EECS4462,.txt,mER,Course_Outline_[EECS4462],,
75,Course_Outline_[EECS4462]_links.txt,EECS4462,.txt,mER,Course_Outline_[EECS4462],,
78,Resources_[EECS4462]_content.txt,EECS4462,.txt,mER,Resources_[EECS4462],,
79,Resources_[EECS4462]_links.txt,EECS4462,.txt,mER,Resources_[EECS4462],,
86,A2StarterCode-s1-full.txt,EECS4462,.txt,mER,Lecture_Transcripts,A2StarterCode-s1-full.wav,
89,Untitled-s1-full_(8).txt,EECS4462,.txt,mER,Lecture_Transcripts,Untitled-s1-full_(8).wav,
92,A3process-s1-full.txt,EECS4462,.txt,mER,Lecture_Transcripts,A3process-s1-full.wav,
95,Untitled-s1-full_(4).txt,EECS4462,.txt,mER,Lecture_Transcripts,Untitled-s1-full_(4).wav,
98,Untitled-s1-full_(5).txt,EECS4462,.txt,mER,Lecture_Transcripts,Untitled-s1-full_(5).wav,
101,Debugging-s1-full.txt,EECS4462,.txt,mER,Lecture_Transcripts,Debugging-s1-full.wav,
104,Untitled-s1-full_(9).txt,EECS4462,.txt,mER,Lecture_Transcripts,Untitled-s1-full_(9).wav,
107,Untitled-s1-full_(12).txt,EECS4462,.txt,mER,Lecture_Transcripts,Untitled-s1-full_(12).wav,
110,ToolsWindows-s1-full.txt,EECS4462,.txt,mER,Lecture_Transcripts,ToolsWindows-s1-full.wav,
113,Untitled-s1-full_(2).txt,EECS4462,.txt,mER,Lecture_Transcripts,Untitled-s1-full_(2).wav,
116,ToolsMac-s1-full.txt,EECS4462,.txt,mER,Lecture_Transcripts,ToolsMac-s1-full.wav,
119,A3demo.mov-s1-full.txt,EECS4462,.txt,mER,Lecture_Transcripts,A3demo.mov-s1-full.wav,
122,Untitled-s1-full_(3).txt,EECS4462,.txt,mER,Lecture_Transcripts,Untitled-s1-full_(3).wav,
125,Untitled-s1-full.txt,EECS4462,.txt,mER,Lecture_Transcripts,Untitled-s1-full.wav,
128,APVTS-s1-full.txt,EECS4462,.txt,mER,Lecture_Transcripts,APVTS-s1-full.wav,
131,VSTAudioPlayer.mov-s1-full.txt,EECS4462,.txt,mER,Lecture_Transcripts,VSTAudioPlayer.mov-s1-full.wav,
134,Untitled-s1-full_(1).txt,EECS4462,.txt,mER,Lecture_Transcripts,Untitled-s1-full_(1).wav,
137,Untitled-s1-full_(11).txt,EECS4462,.txt,mER,Lecture_Transcripts,Untitled-s1-full_(11).wav,
140,Untitled-s1-full_(6).txt,EECS4462,.txt,mER,Lecture_Transcripts,Untitled-s1-full_(6).wav,
143,Untitled-s1-full_(7).txt,EECS4462,.txt,mER,Lecture_Transcripts,Untitled-s1-full_(7).wav,
146,ProcessBlock.mov-s1-full.txt,EECS4462,.txt,mER,Lecture_Transcripts,ProcessBlock.mov-s1-full.wav,
149,Untitled-s1-full_(10).txt,EECS4462,.txt,mER,Lecture_Transcripts,Untitled-s1-full_(10).wav,
33,Course_Outline_[EECS4462]_week_5_due.txt,EECS4462,.txt,rER,Course_Outline_[EECS4462]_content.txt,,
34,Course_Outline_[EECS4462]_week_5_weekly_goals.txt,EECS4462,.txt,rER,Course_Outline_[EECS4462]_content.txt,,
36,Course_Outline_[EECS4462]_week_1_weekly_goals.txt,EECS4462,.txt,rER,Course_Outline_[EECS4462]_content.txt,,
40,Course_Outline_[EECS4462]_week_4_due.txt,EECS4462,.txt,rER,Course_Outline_[EECS4462]_content.txt,,
41,Course_Outline_[EECS4462]_week_4_weekly_goals.txt,EECS4462,.txt,rER,Course_Outline_[EECS4462]_content.txt,,
42,Course_Outline_[EECS4462]_week_12_weekly_goals.txt,EECS4462,.txt,rER,Course_Outline_[EECS4462]_content.txt,,
44,Course_Outline_[EECS4462]_week_6_due.txt,EECS4462,.txt,rER,Course_Outline_[EECS4462]_content.txt,,
46,Course_Outline_[EECS4462]_week_7_due.txt,EECS4462,.txt,rER,Course_Outline_[EECS4462]_content.txt,,
51,Course_Outline_[EECS4462]_week_10_due.txt,EECS4462,.txt,rER,Course_Outline_[EECS4462]_content.txt,,
52,Course_Outline_[EECS4462]_week_2_due.txt,EECS4462,.txt,rER,Course_Outline_[EECS4462]_content.txt,,
53,Course_Outline_[EECS4462]_week_7_weekly_goals.txt,EECS4462,.txt,rER,Course_Outline_[EECS4462]_content.txt,,
55,Course_Outline_[EECS4462]_week_11_weekly_goals.txt,EECS4462,.txt,rER,Course_Outline_[EECS4462]_content.txt,,
56,Course_Outline_[EECS4462]_week_3_due.txt,EECS4462,.txt,rER,Course_Outline_[EECS4462]_content.txt,,
57,Course_Outline_[EECS4462]_week_3_weekly_goals.txt,EECS4462,.txt,rER,Course_Outline_[EECS4462]_content.txt,,
58,Course_Outline_[EECS4462]_week_11_due.txt,EECS4462,.txt,rER,Course_Outline_[EECS4462]_content.txt,,
59,Course_Outline_[EECS4462]_week_8_weekly_goals.txt,EECS4462,.txt,rER,Course_Outline_[EECS4462]_content.txt,,
60,Course_Outline_[EECS4462]_week_1_due.txt,EECS4462,.txt,rER,Course_Outline_[EECS4462]_content.txt,,
63,Course_Outline_[EECS4462]_week_8_due.txt,EECS4462,.txt,rER,Course_Outline_[EECS4462]_content.txt,,
64,Course_Outline_[EECS4462]_week_10_weekly_goals.txt,EECS4462,.txt,rER,Course_Outline_[EECS4462]_content.txt,,
67,Course_Outline_[EECS4462]_week_6_weekly_goals.txt,EECS4462,.txt,rER,Course_Outline_[EECS4462]_content.txt,,
68,Course_Outline_[EECS4462]_week_9_due.txt,EECS4462,.txt,rER,Course_Outline_[EECS4462]_content.txt,,
69,Course_Outline_[EECS4462]_week_12_due.txt,EECS4462,.txt,rER,Course_Outline_[EECS4462]_content.txt,,
70,Course_Outline_[EECS4462]_week_2_weekly_goals.txt,EECS4462,.txt,rER,Course_Outline_[EECS4462]_content.txt,,
73,Course_Outline_[EECS4462]_week_9_weekly_goals.txt,EECS4462,.txt,rER,Course_Outline_[EECS4462]_content.txt,,
5,assignments:assignment3.pdf,EECS4462,.pdf,aER,Assignment_3_[EECS4462]_content.txt,,Course_Outline_[EECS4462]_week_10_weekly_goals.txt
14,assignments:assignment1.pdf,EECS4462,.pdf,aER,Assignment_1_[EECS4462]_content.txt,,Course_Outline_[EECS4462]_week_5_weekly_goals.txt
26,assignments:assignment2.pdf,EECS4462,.pdf,aER,Assignment_2_[EECS4462]_content.txt,,Course_Outline_[EECS4462]_week_7_weekly_goals.txt
77,assignments:assignment4.pdf,EECS4462,.pdf,aER,Resources_[EECS4462]_content.txt,,Course_Outline_[EECS4462]_week_12_weekly_goals.txt
28,week_1_-_midi.pdf,EECS4462,.pdf,iER,Course_Outline_[EECS4462]_content.txt,,Course_Outline_[EECS4462]_week_1_study_material.txt
35,digitizingsound.pdf,EECS4462,.pdf,iER,Course_Outline_[EECS4462]_content.txt,,Course_Outline_[EECS4462]_week_5_study_material.txt
37,juce.pdf,EECS4462,.pdf,iER,Course_Outline_[EECS4462]_content.txt,,Course_Outline_[EECS4462]_week_3_study_material.txt
45,soundperception.pdf,EECS4462,.pdf,iER,Course_Outline_[EECS4462]_content.txt,,Course_Outline_[EECS4462]_week_6_study_material.txt
47,audiopluginsjuce.pdf,EECS4462,.pdf,iER,Course_Outline_[EECS4462]_content.txt,,Course_Outline_[EECS4462]_week_5_study_material.txt
49,physicsofsound.pdf,EECS4462,.pdf,iER,Course_Outline_[EECS4462]_content.txt,,Course_Outline_[EECS4462]_week_2_study_material.txt
50,audioformats.pdf,EECS4462,.pdf,iER,Course_Outline_[EECS4462]_content.txt,,Course_Outline_[EECS4462]_week_9_study_material.txt
61,gameaudio.pdf,EECS4462,.pdf,iER,Course_Outline_[EECS4462]_content.txt,,Course_Outline_[EECS4462]_week_10_study_material.txt
65,convolution.pdf,EECS4462,.pdf,iER,Course_Outline_[EECS4462]_content.txt,,Course_Outline_[EECS4462]_week_8_study_material.txt
74,audiofx.pdf,EECS4462,.pdf,iER,Course_Outline_[EECS4462]_content.txt,,Course_Outline_[EECS4462]_week_7_study_material.txt
17,peer1rubric.pdf,EECS4462,.pdf,rER,eval_[EECS4462]_content.txt,,assignments:assignment1.pdf
19,peer3rubric.pdf,EECS4462,.pdf,rER,eval_[EECS4462]_content.txt,,assignments:assignment3.pdf
21,peer2rubric.pdf,EECS4462,.pdf,rER,eval_[EECS4462]_content.txt,,assignments:assignment2.pdf
22,peer4rubric.pdf,EECS4462,.pdf,rER,eval_[EECS4462]_content.txt,,assignments:assignment4.pdf
84,A2StarterCode-s1-full.mp4,EECS4462,.mp4,iER,Lecture_Videos,,Course_Outline_[EECS4462]_week_5_study_material.txt
87,Untitled-s1-full_(8).mp4,EECS4462,.mp4,iER,Lecture_Videos,,Course_Outline_[EECS4462]_week_8_study_material.txt
90,A3process-s1-full.mp4,EECS4462,.mp4,iER,Lecture_Videos,,Course_Outline_[EECS4462]_week_7_study_material.txt
93,Untitled-s1-full_(4).mp4,EECS4462,.mp4,iER,Lecture_Videos,,Course_Outline_[EECS4462]_week_4_study_material.txt
96,Untitled-s1-full_(5).mp4,EECS4462,.mp4,iER,Lecture_Videos,,Course_Outline_[EECS4462]_week_5_study_material.txt
99,Debugging-s1-full.mp4,EECS4462,.mp4,iER,Lecture_Videos,,Course_Outline_[EECS4462]_week_4_study_material.txt
102,Untitled-s1-full_(9).mp4,EECS4462,.mp4,iER,Lecture_Videos,,Course_Outline_[EECS4462]_week_9_study_material.txt
105,Untitled-s1-full_(12).mp4,EECS4462,.mp4,iER,Lecture_Videos,,Course_Outline_[EECS4462]_week_12_study_material.txt
108,ToolsWindows-s1-full.mp4,EECS4462,.mp4,iER,Lecture_Videos,,Course_Outline_[EECS4462]_week_2_study_material.txt
111,Untitled-s1-full_(2).mp4,EECS4462,.mp4,iER,Lecture_Videos,,Course_Outline_[EECS4462]_week_1_study_material.txt
114,ToolsMac-s1-full.mp4,EECS4462,.mp4,iER,Lecture_Videos,,Course_Outline_[EECS4462]_week_2_study_material.txt
117,A3demo.mov-s1-full.mp4,EECS4462,.mp4,iER,Lecture_Videos,,Course_Outline_[EECS4462]_week_7_study_material.txt
120,Untitled-s1-full_(3).mp4,EECS4462,.mp4,iER,Lecture_Videos,,Course_Outline_[EECS4462]_week_3_study_material.txt
123,Untitled-s1-full.mp4,EECS4462,.mp4,iER,Lecture_Videos,,Course_Outline_[EECS4462]_week_1_study_material.txt
126,APVTS-s1-full.mp4,EECS4462,.mp4,iER,Lecture_Videos,,Course_Outline_[EECS4462]_week_7_study_material.txt
129,VSTAudioPlayer.mov-s1-full.mp4,EECS4462,.mp4,iER,Lecture_Videos,,Course_Outline_[EECS4462]_week_7_study_material.txt
132,Untitled-s1-full_(1).mp4,EECS4462,.mp4,iER,Lecture_Videos,,Course_Outline_[EECS4462]_week_2_study_material.txt
135,Untitled-s1-full_(11).mp4,EECS4462,.mp4,iER,Lecture_Videos,,Course_Outline_[EECS4462]_week_11_study_material.txt
138,Untitled-s1-full_(6).mp4,EECS4462,.mp4,iER,Lecture_Videos,,Course_Outline_[EECS4462]_week_6_study_material.txt
141,Untitled-s1-full_(7).mp4,EECS4462,.mp4,iER,Lecture_Videos,,Course_Outline_[EECS4462]_week_7_study_material.txt
144,ProcessBlock.mov-s1-full.mp4,EECS4462,.mp4,iER,Lecture_Videos,,Course_Outline_[EECS4462]_week_3_study_material.txt
147,Untitled-s1-full_(10).mp4,EECS4462,.mp4,iER,Lecture_Videos,,Course_Outline_[EECS4462]_week_10_study_material.txt
151,https://juce.com/get-juce/download,EECS4462,.html,iER,Online_resource,,Course_Outline_[EECS4462]_week_1_study_material.txt
152,https://remotelab.eecs.yorku.ca/#/,EECS4462,.html,iER,Online_resource,,Course_Outline_[EECS4462]_week_1_study_material.txt
153,https://unity3d.com/get-unity/download,EECS4462,.html,iER,Online_resource,,Course_Outline_[EECS4462]_week_1_study_material.txt
154,https://visualstudio.microsoft.com/downloads/,EECS4462,.html,iER,Online_resource,,Course_Outline_[EECS4462]_week_1_study_material.txt
155,https://www.youtube.com/watch?v=3gkTYoE4qdc&ab_channel=THETUESDAYNIGHTMACHINES,EECS4462,.html,iER,Online_resource,,Course_Outline_[EECS4462]_week_1_study_material.txt
156,https://en.wikipedia.org/wiki/MIDI,EECS4462,.html,iER,Online_resource,,Course_Outline_[EECS4462]_week_1_study_material.txt
157,https://www.youtube.com/watch?v=-_xZZt99MzY&ab_channel=khanacademymedicine,EECS4462,.html,iER,Online_resource,,Course_Outline_[EECS4462]_week_2_study_material.txt
158,https://www.linkedin.com/learning-login/continue?account=2174970&forceAccount=false&authModeName=shib%2Eyorku%2Eca&authUUID=LkN1hEY%2BTl6HqlxsLZtXPA%3D%3D&redirect=https%3A%2F%2Fwww.linkedin.com%2Flearning%2Funity-3d-2019-essential-training,EECS4462,.html,iER,Online_resource,,Course_Outline_[EECS4462]_week_2_study_material.txt
159,https://www.linkedin.com/learning-login/continue?account=2174970&forceAccount=false&authModeName=shib%2Eyorku%2Eca&authUUID=KY0QwBuUTi%2Btlv4t%2FEMpQA%3D%3D&redirect=https%3A%2F%2Fwww.linkedin.com%2Flearning%2Funity-3d-2019-essential-training,EECS4462,.html,iER,Online_resource,,Course_Outline_[EECS4462]_week_3_study_material.txt
160,https://docs.juce.com/master/tutorial_slider_values.html,EECS4462,.html,iER,Online_resource,,Course_Outline_[EECS4462]_week_4_study_material.txt
161,https://docs.juce.com/master/tutorial_label.html,EECS4462,.html,iER,Online_resource,,Course_Outline_[EECS4462]_week_4_study_material.txt
162,https://docs.juce.com/master/tutorial_combo_box.html,EECS4462,.html,iER,Online_resource,,Course_Outline_[EECS4462]_week_4_study_material.txt
163,https://docs.juce.com/master/tutorial_radio_buttons_checkboxes.html,EECS4462,.html,iER,Online_resource,,Course_Outline_[EECS4462]_week_4_study_material.txt
164,https://docs.juce.com/master/tutorial_graphics_class.html,EECS4462,.html,iER,Online_resource,,Course_Outline_[EECS4462]_week_4_study_material.txt
165,https://docs.juce.com/master/tutorial_look_and_feel_customisation.html,EECS4462,.html,iER,Online_resource,,Course_Outline_[EECS4462]_week_4_study_material.txt
166,https://www.linkedin.com/learning-login/continue?account=2174970&forceAccount=false&authModeName=shib%2Eyorku%2Eca&authUUID=Rphjb5NOS2CBETImg2eZ6g%3D%3D&redirect=https%3A%2F%2Fwww.linkedin.com%2Flearning%2Funity-3d-2019-essential-training,EECS4462,.html,iER,Online_resource,,Course_Outline_[EECS4462]_week_4_study_material.txt
167,https://www.youtube.com/watch?v=FG9jemV1T7I&t=190s&ab_channel=iopqu,EECS4462,.html,iER,Online_resource,,Course_Outline_[EECS4462]_week_5_study_material.txt
168,https://www.youtube.com/watch?v=cIQ9IXSUzuM&ab_channel=FLSTUDIObyImage-LineSoftware,EECS4462,.html,iER,Online_resource,,Course_Outline_[EECS4462]_week_5_study_material.txt
169,https://www.linkedin.com/learning-login/continue?account=2174970&forceAccount=false&authModeName=shib%2Eyorku%2Eca&authUUID=0hYHBfk9Szu6pW%2Fheh4yEQ%3D%3D&redirect=https%3A%2F%2Fwww.linkedin.com%2Flearning%2Funity-3d-2019-essential-training,EECS4462,.html,iER,Online_resource,,Course_Outline_[EECS4462]_week_5_study_material.txt
170,https://www.youtube.com/watch?v=46aNGGNPm7s&ab_channel=aearoweb,EECS4462,.html,iER,Online_resource,,Course_Outline_[EECS4462]_week_6_study_material.txt
171,https://www.youtube.com/watch?v=yKR2pGwavqE&ab_channel=MadeMyDay,EECS4462,.html,iER,Online_resource,,Course_Outline_[EECS4462]_week_6_study_material.txt
172,https://www.linkedin.com/learning-login/continue?account=2174970&forceAccount=false&authModeName=shib%2Eyorku%2Eca&authUUID=N62NLHO%2BRXy4aq4UslwEhg%3D%3D&redirect=https%3A%2F%2Fwww.linkedin.com%2Flearning%2Funity-3d-2019-essential-training,EECS4462,.html,iER,Online_resource,,Course_Outline_[EECS4462]_week_6_study_material.txt
173,https://www.youtube.com/watch?v=w-v75Mgh9dA&list=PLRwSxn6RVkVIM9443VFgYHNkYuqbmEakk&ab_channel=AcademyAVbyEllisProMedia,EECS4462,.html,iER,Online_resource,,Course_Outline_[EECS4462]_week_7_study_material.txt
174,https://www.youtube.com/watch?v=pGl8L4fFC14&ab_channel=PiercePorterfield,EECS4462,.html,iER,Online_resource,,Course_Outline_[EECS4462]_week_7_study_material.txt
175,https://www.youtube.com/watch?v=qTbuDObjZoA&ab_channel=rolandmedia,EECS4462,.html,iER,Online_resource,,Course_Outline_[EECS4462]_week_7_study_material.txt
176,https://github.com/zx1301/VstAudioPlayer,EECS4462,.html,iER,Online_resource,,Course_Outline_[EECS4462]_week_7_study_material.txt
177,https://www.linkedin.com/learning-login/continue?account=2174970&forceAccount=false&authModeName=shib%2Eyorku%2Eca&authUUID=170hII0ZT4yKMnZjkmAeZw%3D%3D&redirect=https%3A%2F%2Fwww.linkedin.com%2Flearning%2Funity-3d-2019-essential-training,EECS4462,.html,iER,Online_resource,,Course_Outline_[EECS4462]_week_7_study_material.txt
178,https://www.linkedin.com/learning-login/continue?account=2174970&forceAccount=false&authModeName=shib%2Eyorku%2Eca&authUUID=qs1gYGe1T9SXsYSVDnT0Og%3D%3D&redirect=https%3A%2F%2Fwww.linkedin.com%2Flearning%2Funity-3d-2019-essential-training,EECS4462,.html,iER,Online_resource,,Course_Outline_[EECS4462]_week_8_study_material.txt
179,https://www.youtube.com/watch?v=acAw5WGtzuk&ab_channel=PhysicsVideosbyEugeneKhutoryansky,EECS4462,.html,iER,Online_resource,,Course_Outline_[EECS4462]_week_8_study_material.txt
180,https://www.linkedin.com/learning-login/continue?account=2174970&forceAccount=false&authModeName=shib%2Eyorku%2Eca&authUUID=6lUBxxcUQ1iyUbfitA%2FhrA%3D%3D&redirect=https%3A%2F%2Fwww.linkedin.com%2Flearning%2Faudio-foundations-reverb%2Fcreating-reverb-digitally-via-algorithms-and-convolution,EECS4462,.html,iER,Online_resource,,Course_Outline_[EECS4462]_week_8_study_material.txt
181,https://www.youtube.com/watch?v=Ew16BpwkdS8&ab_channel=CambridgeAudio,EECS4462,.html,iER,Online_resource,,Course_Outline_[EECS4462]_week_9_study_material.txt
182,https://www.youtube.com/watch?v=DwpS7gOt554&ab_channel=DanSalvato,EECS4462,.html,iER,Online_resource,,Course_Outline_[EECS4462]_week_9_study_material.txt
183,https://www.linkedin.com/learning-login/continue?account=2174970&forceAccount=false&authModeName=shib%2Eyorku%2Eca&authUUID=TulVBPPJSc61CaUZQ9pUbQ%3D%3D&redirect=https%3A%2F%2Fwww.linkedin.com%2Flearning%2Funity-3d-2019-essential-training,EECS4462,.html,iER,Online_resource,,Course_Outline_[EECS4462]_week_9_study_material.txt
184,https://www.linkedin.com/learning-login/continue?account=2174970&forceAccount=false&authModeName=shib%2Eyorku%2Eca&authUUID=UeQiCiOVSbCINwYNFjRT%2FQ%3D%3D&redirect=https%3A%2F%2Fwww.linkedin.com%2Flearning%2Funity-3d-2019-essential-training,EECS4462,.html,iER,Online_resource,,Course_Outline_[EECS4462]_week_10_study_material.txt
185,https://freesound.org/,EECS4462,.html,iER,Online_resource,,Course_Outline_[EECS4462]_week_10_study_material.txt
186,https://soundbible.com/,EECS4462,.html,iER,Online_resource,,Course_Outline_[EECS4462]_week_10_study_material.txt
187,https://www.productioncrate.com/,EECS4462,.html,iER,Online_resource,,Course_Outline_[EECS4462]_week_10_study_material.txt
188,https://www.epidemicsound.com/,EECS4462,.html,iER,Online_resource,,Course_Outline_[EECS4462]_week_10_study_material.txt
189,https://www.bensound.com/,EECS4462,.html,iER,Online_resource,,Course_Outline_[EECS4462]_week_10_study_material.txt
190,https://juce.com/discover/stories/unity-native-plug-in-support,EECS4462,.html,iER,Online_resource,,Course_Outline_[EECS4462]_week_11_study_material.txt
192,https://www.youtube.com/watch?v=UJYN4_jUIQs&ab_channel=Unity,EECS4462,.html,iER,Online_resource,,Course_Outline_[EECS4462]_week_11_study_material.txt
193,https://www.youtube.com/watch?v=qGAsgIJ-c38&ab_channel=JimmyVegas,EECS4462,.html,iER,Online_resource,,Course_Outline_[EECS4462]_week_11_study_material.txt
194,https://docs.unity3d.com/Manual/CollidersOverview.html,EECS4462,.html,iER,Online_resource,,Course_Outline_[EECS4462]_week_11_study_material.txt
195,https://docs.unity3d.com/Manual/class-AudioReverbZone.html,EECS4462,.html,iER,Online_resource,,Course_Outline_[EECS4462]_week_11_study_material.txt
196,https://www.youtube.com/watch?v=tH2TyS-_okE&ab_channel=BurgZergArcade,EECS4462,.html,iER,Online_resource,,Course_Outline_[EECS4462]_week_11_study_material.txt
197,https://www.youtube.com/watch?v=6OT43pvUyfY&ab_channel=Brackeys,EECS4462,.html,iER,Online_resource,,Course_Outline_[EECS4462]_week_11_study_material.txt
198,https://www.youtube.com/watch?v=L82geOfpQCQ&ab_channel=Unity,EECS4462,.html,iER,Online_resource,,Course_Outline_[EECS4462]_week_11_study_material.txt
199,https://docs.unity3d.com/Manual/ScriptingSection.html,EECS4462,.html,iER,Online_resource,,Course_Outline_[EECS4462]_week_11_study_material.txt
200,https://www.linkedin.com/learning-login/continue?account=2174970&forceAccount=false&authModeName=shib%2Eyorku%2Eca&authUUID=Te4fXBEEQTiYJXFMI7Mywg%3D%3D&redirect=https%3A%2F%2Fwww.linkedin.com%2Flearning%2Funity-3d-2019-essential-training,EECS4462,.html,iER,Online_resource,,Course_Outline_[EECS4462]_week_11_study_material.txt
201,https://learn.unity.com/course/unity-c-survival-guide,EECS4462,.html,iER,Online_resource,,Course_Outline_[EECS4462]_week_12_study_material.txt
202,https://docs.unity3d.com/Manual/index.html,EECS4462,.html,iER,Online_resource,,Course_Outline_[EECS4462]_week_12_study_material.txt
203,Online_resource,EECS4462,.html,mER,,,